AccountId,is_high_risk
AccountId_1,0
AccountId_10,0
AccountId_100,1
AccountId_1000,1
AccountId_1002,0
AccountId_1004,1
AccountId_1005,1
AccountId_1006,0
AccountId_1007,0
AccountId_1008,0
AccountId_1009,1
AccountId_101,1
AccountId_1010,1
AccountId_1011,0
AccountId_1012,1
AccountId_1014,0
AccountId_1015,0
AccountId_1016,0
AccountId_1017,1
AccountId_1018,1
AccountId_102,1
AccountId_1020,0
AccountId_1021,1
AccountId_1022,0
AccountId_1023,1
AccountId_1024,0
AccountId_1025,0
AccountId_1026,1
AccountId_1027,0
AccountId_1028,1
AccountId_1029,0
AccountId_1031,0
AccountId_1032,0
AccountId_1033,1
AccountId_1034,0
AccountId_1036,1
AccountId_1037,0
AccountId_1039,1
AccountId_1040,1
AccountId_1041,1
AccountId_1042,0
AccountId_1043,1
AccountId_1044,0
AccountId_1045,0
AccountId_1047,1
AccountId_1049,0
AccountId_105,1
AccountId_1051,0
AccountId_1053,1
AccountId_1054,0
AccountId_1055,1
AccountId_1056,0
AccountId_1057,0
AccountId_1058,0
AccountId_106,0
AccountId_1060,0
AccountId_1061,0
AccountId_1062,0
AccountId_1063,0
AccountId_1064,0
AccountId_1065,0
AccountId_1066,1
AccountId_1067,0
AccountId_1068,1
AccountId_1069,1
AccountId_107,0
AccountId_1070,0
AccountId_1071,0
AccountId_1072,1
AccountId_1073,1
AccountId_1074,1
AccountId_1075,0
AccountId_1077,1
AccountId_1078,1
AccountId_1080,0
AccountId_1081,1
AccountId_1082,1
AccountId_1083,0
AccountId_1084,1
AccountId_1085,0
AccountId_1086,1
AccountId_1087,0
AccountId_1088,0
AccountId_1089,1
AccountId_109,1
AccountId_1090,0
AccountId_1092,1
AccountId_1093,0
AccountId_1094,0
AccountId_1095,0
AccountId_1096,0
AccountId_1097,0
AccountId_1098,0
AccountId_1099,0
AccountId_11,1
AccountId_110,0
AccountId_1100,1
AccountId_1103,1
AccountId_1104,1
AccountId_1105,0
AccountId_1108,0
AccountId_111,1
AccountId_1110,0
AccountId_1111,0
AccountId_1115,0
AccountId_1117,1
AccountId_1118,1
AccountId_1119,1
AccountId_1120,0
AccountId_1121,0
AccountId_1122,0
AccountId_1123,0
AccountId_1124,1
AccountId_1125,1
AccountId_1126,1
AccountId_1127,0
AccountId_1128,0
AccountId_1129,0
AccountId_113,1
AccountId_1130,1
AccountId_1131,0
AccountId_1132,1
AccountId_1133,1
AccountId_1135,1
AccountId_1137,0
AccountId_1138,1
AccountId_1139,1
AccountId_114,0
AccountId_1141,0
AccountId_1142,1
AccountId_1144,0
AccountId_1145,1
AccountId_1146,0
AccountId_1147,0
AccountId_1148,0
AccountId_1149,1
AccountId_115,1
AccountId_1150,0
AccountId_1151,0
AccountId_1152,0
AccountId_1153,1
AccountId_1154,0
AccountId_1155,0
AccountId_1156,1
AccountId_1157,1
AccountId_1158,0
AccountId_1159,0
AccountId_1160,0
AccountId_1161,1
AccountId_1163,0
AccountId_1164,1
AccountId_1166,0
AccountId_1167,0
AccountId_1168,1
AccountId_1169,0
AccountId_1171,1
AccountId_1172,1
AccountId_1174,1
AccountId_1175,1
AccountId_1176,0
AccountId_1178,0
AccountId_118,1
AccountId_1180,0
AccountId_1181,0
AccountId_1182,1
AccountId_1183,1
AccountId_1184,0
AccountId_1185,0
AccountId_1187,0
AccountId_1188,0
AccountId_1189,1
AccountId_1192,0
AccountId_1196,0
AccountId_1199,0
AccountId_12,0
AccountId_120,0
AccountId_1202,0
AccountId_1203,1
AccountId_1205,1
AccountId_1206,1
AccountId_1207,0
AccountId_1208,0
AccountId_1209,0
AccountId_121,1
AccountId_1210,0
AccountId_1211,1
AccountId_1212,1
AccountId_1213,0
AccountId_1214,1
AccountId_1216,1
AccountId_1217,1
AccountId_1218,1
AccountId_1219,0
AccountId_122,0
AccountId_1220,1
AccountId_1221,0
AccountId_1223,0
AccountId_1224,0
AccountId_1227,1
AccountId_1228,0
AccountId_1230,0
AccountId_1232,0
AccountId_1233,0
AccountId_1234,1
AccountId_1235,1
AccountId_1237,0
AccountId_1239,1
AccountId_124,0
AccountId_1240,0
AccountId_1242,1
AccountId_1243,1
AccountId_1246,1
AccountId_1247,1
AccountId_1248,0
AccountId_1249,1
AccountId_125,1
AccountId_1250,0
AccountId_1251,0
AccountId_1252,1
AccountId_1253,0
AccountId_1255,0
AccountId_1256,0
AccountId_1257,1
AccountId_1258,0
AccountId_1259,0
AccountId_126,1
AccountId_1260,0
AccountId_1261,0
AccountId_1262,1
AccountId_1263,1
AccountId_1264,0
AccountId_1265,0
AccountId_1267,1
AccountId_127,0
AccountId_1270,0
AccountId_1272,1
AccountId_1273,0
AccountId_1274,0
AccountId_1275,0
AccountId_1276,1
AccountId_1277,0
AccountId_1278,1
AccountId_1279,1
AccountId_128,1
AccountId_1280,1
AccountId_1281,1
AccountId_1283,0
AccountId_1284,1
AccountId_1285,0
AccountId_1287,0
AccountId_1289,0
AccountId_1290,1
AccountId_1291,0
AccountId_1293,0
AccountId_1294,0
AccountId_1295,1
AccountId_1296,0
AccountId_1297,1
AccountId_1298,1
AccountId_1299,0
AccountId_13,0
AccountId_130,1
AccountId_1301,0
AccountId_1302,1
AccountId_1304,0
AccountId_1307,0
AccountId_1308,1
AccountId_1309,1
AccountId_131,0
AccountId_1310,0
AccountId_1312,1
AccountId_1314,0
AccountId_1316,1
AccountId_1317,0
AccountId_1318,0
AccountId_1320,0
AccountId_1321,0
AccountId_1323,0
AccountId_1324,1
AccountId_1325,0
AccountId_1327,1
AccountId_1329,0
AccountId_133,0
AccountId_1331,0
AccountId_1332,0
AccountId_1333,0
AccountId_1334,0
AccountId_1335,0
AccountId_1336,1
AccountId_1338,0
AccountId_1339,1
AccountId_134,0
AccountId_1340,1
AccountId_1342,0
AccountId_1344,0
AccountId_1345,0
AccountId_1346,0
AccountId_1347,0
AccountId_1349,1
AccountId_135,0
AccountId_1350,0
AccountId_1351,1
AccountId_1353,1
AccountId_1354,0
AccountId_1356,0
AccountId_1357,1
AccountId_1358,1
AccountId_1359,0
AccountId_1360,1
AccountId_1361,0
AccountId_1362,1
AccountId_1363,1
AccountId_1364,1
AccountId_1365,0
AccountId_1366,0
AccountId_1367,1
AccountId_1368,1
AccountId_1369,0
AccountId_1371,0
AccountId_1372,0
AccountId_1374,0
AccountId_1375,0
AccountId_1377,1
AccountId_1378,0
AccountId_1380,0
AccountId_1384,0
AccountId_1385,0
AccountId_1386,0
AccountId_1388,0
AccountId_1389,1
AccountId_1390,1
AccountId_1391,1
AccountId_1392,1
AccountId_1393,1
AccountId_1394,0
AccountId_1395,0
AccountId_1398,0
AccountId_1399,0
AccountId_14,0
AccountId_140,0
AccountId_1400,1
AccountId_1403,0
AccountId_1404,0
AccountId_1405,1
AccountId_1406,0
AccountId_1408,0
AccountId_1409,0
AccountId_1411,1
AccountId_1415,0
AccountId_1417,0
AccountId_1419,0
AccountId_1423,0
AccountId_1424,0
AccountId_1425,1
AccountId_1426,1
AccountId_1427,0
AccountId_1429,1
AccountId_1430,0
AccountId_1432,0
AccountId_1433,0
AccountId_1434,0
AccountId_1437,1
AccountId_1438,1
AccountId_1439,1
AccountId_144,0
AccountId_1441,1
AccountId_1442,0
AccountId_1443,1
AccountId_1444,0
AccountId_1445,1
AccountId_1447,0
AccountId_1449,1
AccountId_145,1
AccountId_1452,0
AccountId_1453,0
AccountId_1457,0
AccountId_1459,1
AccountId_146,0
AccountId_1460,1
AccountId_1462,1
AccountId_1463,0
AccountId_1465,1
AccountId_1467,1
AccountId_1468,0
AccountId_1469,0
AccountId_147,0
AccountId_1470,1
AccountId_1472,0
AccountId_1474,1
AccountId_1475,1
AccountId_1476,0
AccountId_1477,0
AccountId_1478,0
AccountId_1479,0
AccountId_148,0
AccountId_1480,0
AccountId_1482,0
AccountId_1483,1
AccountId_1485,0
AccountId_1486,0
AccountId_1488,0
AccountId_1489,1
AccountId_1490,0
AccountId_1491,1
AccountId_1492,1
AccountId_1494,0
AccountId_1497,0
AccountId_1499,1
AccountId_15,1
AccountId_150,1
AccountId_1500,0
AccountId_1501,0
AccountId_1502,1
AccountId_1503,0
AccountId_1504,0
AccountId_1505,1
AccountId_1506,0
AccountId_1508,1
AccountId_151,1
AccountId_1510,0
AccountId_1511,0
AccountId_1513,1
AccountId_1514,0
AccountId_1515,1
AccountId_1516,1
AccountId_1517,1
AccountId_1518,0
AccountId_1519,0
AccountId_1520,1
AccountId_1521,0
AccountId_1523,1
AccountId_1525,0
AccountId_1526,0
AccountId_1527,1
AccountId_1528,0
AccountId_153,0
AccountId_1530,0
AccountId_1533,0
AccountId_1534,1
AccountId_1535,0
AccountId_1538,0
AccountId_1540,1
AccountId_1541,1
AccountId_1542,1
AccountId_1543,0
AccountId_1544,1
AccountId_1545,1
AccountId_1546,1
AccountId_1549,0
AccountId_155,1
AccountId_1550,0
AccountId_1552,0
AccountId_1553,0
AccountId_1554,0
AccountId_1555,0
AccountId_1556,1
AccountId_1557,0
AccountId_1558,1
AccountId_1560,1
AccountId_1562,0
AccountId_1563,0
AccountId_1566,1
AccountId_1567,0
AccountId_1568,0
AccountId_1569,0
AccountId_157,0
AccountId_1570,0
AccountId_1571,1
AccountId_1574,1
AccountId_1575,1
AccountId_1579,0
AccountId_1583,0
AccountId_1585,1
AccountId_1587,0
AccountId_1588,1
AccountId_1589,0
AccountId_159,0
AccountId_1590,0
AccountId_1591,0
AccountId_1592,0
AccountId_1593,1
AccountId_1594,1
AccountId_1595,0
AccountId_1596,0
AccountId_1597,1
AccountId_1598,0
AccountId_16,0
AccountId_160,0
AccountId_1600,0
AccountId_1601,1
AccountId_1602,0
AccountId_1603,1
AccountId_1604,1
AccountId_1605,0
AccountId_1606,0
AccountId_1607,1
AccountId_1608,0
AccountId_1609,0
AccountId_1611,0
AccountId_1612,0
AccountId_1615,0
AccountId_1616,0
AccountId_1617,0
AccountId_1618,1
AccountId_1619,0
AccountId_162,1
AccountId_1620,0
AccountId_1622,1
AccountId_1623,0
AccountId_1624,0
AccountId_1625,1
AccountId_1627,1
AccountId_1628,1
AccountId_1629,1
AccountId_1630,0
AccountId_1633,1
AccountId_1634,0
AccountId_1635,0
AccountId_1636,0
AccountId_1637,1
AccountId_1638,0
AccountId_1639,0
AccountId_164,0
AccountId_1640,1
AccountId_1641,0
AccountId_1643,1
AccountId_1645,0
AccountId_1649,0
AccountId_165,0
AccountId_1650,0
AccountId_1652,0
AccountId_1653,0
AccountId_1654,0
AccountId_1655,0
AccountId_1656,1
AccountId_1658,1
AccountId_1659,0
AccountId_166,1
AccountId_1660,0
AccountId_1661,0
AccountId_1665,1
AccountId_1667,1
AccountId_1669,0
AccountId_167,0
AccountId_1670,0
AccountId_1671,0
AccountId_1672,0
AccountId_1673,0
AccountId_1674,1
AccountId_1675,1
AccountId_1677,1
AccountId_1679,0
AccountId_168,1
AccountId_1680,0
AccountId_1681,0
AccountId_1682,0
AccountId_1683,0
AccountId_1685,0
AccountId_1686,0
AccountId_1687,0
AccountId_1688,0
AccountId_1689,0
AccountId_169,0
AccountId_1690,1
AccountId_1691,1
AccountId_1692,0
AccountId_1693,1
AccountId_1694,0
AccountId_1697,1
AccountId_1699,0
AccountId_170,0
AccountId_1701,1
AccountId_1702,0
AccountId_1704,1
AccountId_1708,0
AccountId_1709,0
AccountId_171,0
AccountId_1710,0
AccountId_1712,0
AccountId_1713,1
AccountId_1714,1
AccountId_1716,1
AccountId_1717,1
AccountId_1718,1
AccountId_1719,1
AccountId_172,0
AccountId_1720,0
AccountId_1721,0
AccountId_1722,0
AccountId_1723,0
AccountId_1724,1
AccountId_1725,1
AccountId_1726,0
AccountId_1729,0
AccountId_173,0
AccountId_1730,1
AccountId_1731,0
AccountId_1734,0
AccountId_1736,0
AccountId_1737,1
AccountId_1739,0
AccountId_174,1
AccountId_1740,0
AccountId_1742,0
AccountId_1744,0
AccountId_1745,0
AccountId_1746,0
AccountId_1747,1
AccountId_1748,0
AccountId_1749,0
AccountId_175,0
AccountId_1750,1
AccountId_1751,0
AccountId_1752,1
AccountId_1753,0
AccountId_1754,1
AccountId_1755,1
AccountId_1756,0
AccountId_1758,0
AccountId_1759,1
AccountId_1760,0
AccountId_1761,0
AccountId_1762,1
AccountId_1763,0
AccountId_1764,0
AccountId_1765,0
AccountId_1766,1
AccountId_1767,1
AccountId_1768,1
AccountId_1769,1
AccountId_177,1
AccountId_1770,0
AccountId_1776,1
AccountId_1777,1
AccountId_1778,0
AccountId_178,1
AccountId_1780,0
AccountId_1781,0
AccountId_1782,0
AccountId_1783,0
AccountId_1784,0
AccountId_1786,0
AccountId_1787,0
AccountId_1789,0
AccountId_179,0
AccountId_1790,1
AccountId_1792,1
AccountId_1793,1
AccountId_1794,1
AccountId_1796,0
AccountId_1797,0
AccountId_1798,1
AccountId_18,1
AccountId_180,1
AccountId_1800,0
AccountId_1801,1
AccountId_1802,0
AccountId_1808,1
AccountId_181,1
AccountId_1814,0
AccountId_1815,0
AccountId_1816,1
AccountId_1817,1
AccountId_182,1
AccountId_1820,1
AccountId_1821,0
AccountId_1822,0
AccountId_1823,0
AccountId_1824,1
AccountId_1825,0
AccountId_1826,0
AccountId_1827,0
AccountId_1828,1
AccountId_183,1
AccountId_1830,0
AccountId_1832,0
AccountId_1833,1
AccountId_1835,0
AccountId_1836,0
AccountId_1839,0
AccountId_184,1
AccountId_1840,0
AccountId_1841,1
AccountId_1842,0
AccountId_1848,1
AccountId_185,0
AccountId_1852,1
AccountId_1853,0
AccountId_1854,1
AccountId_1855,1
AccountId_1856,1
AccountId_1858,0
AccountId_186,0
AccountId_1860,1
AccountId_1861,1
AccountId_1863,1
AccountId_1865,1
AccountId_1867,0
AccountId_1868,0
AccountId_1869,1
AccountId_1870,0
AccountId_1872,1
AccountId_1873,0
AccountId_1874,1
AccountId_1875,0
AccountId_1876,1
AccountId_1879,1
AccountId_188,0
AccountId_1880,0
AccountId_1882,1
AccountId_1883,0
AccountId_1884,0
AccountId_1886,0
AccountId_1887,1
AccountId_1888,0
AccountId_1889,0
AccountId_1890,0
AccountId_1892,1
AccountId_1893,1
AccountId_1894,0
AccountId_1895,0
AccountId_1896,1
AccountId_1897,1
AccountId_1898,1
AccountId_19,0
AccountId_190,1
AccountId_1900,1
AccountId_1901,0
AccountId_1902,0
AccountId_1903,0
AccountId_1904,1
AccountId_1905,0
AccountId_1906,1
AccountId_1907,0
AccountId_1908,0
AccountId_1909,0
AccountId_191,0
AccountId_1911,0
AccountId_1912,0
AccountId_1913,0
AccountId_1914,0
AccountId_1915,0
AccountId_1916,0
AccountId_1917,1
AccountId_1919,0
AccountId_192,0
AccountId_1921,0
AccountId_1923,1
AccountId_1927,0
AccountId_1928,0
AccountId_1929,0
AccountId_193,1
AccountId_1930,1
AccountId_1931,0
AccountId_1932,0
AccountId_1933,1
AccountId_1934,0
AccountId_1935,0
AccountId_1936,0
AccountId_1938,0
AccountId_1939,1
AccountId_194,0
AccountId_1940,1
AccountId_1941,1
AccountId_1942,1
AccountId_1944,0
AccountId_1946,0
AccountId_1947,1
AccountId_1948,0
AccountId_1949,0
AccountId_195,0
AccountId_1950,1
AccountId_1951,1
AccountId_1952,1
AccountId_1953,0
AccountId_1954,0
AccountId_1955,0
AccountId_1958,0
AccountId_1959,0
AccountId_1961,1
AccountId_1962,1
AccountId_1964,0
AccountId_1965,1
AccountId_1966,0
AccountId_1967,1
AccountId_1968,0
AccountId_197,0
AccountId_1970,0
AccountId_1971,1
AccountId_1973,0
AccountId_1974,1
AccountId_1976,1
AccountId_1977,0
AccountId_1978,0
AccountId_1979,0
AccountId_198,0
AccountId_1980,0
AccountId_1981,1
AccountId_1984,1
AccountId_1986,0
AccountId_1988,1
AccountId_199,1
AccountId_1990,1
AccountId_1991,1
AccountId_1993,0
AccountId_1995,0
AccountId_1997,1
AccountId_1998,1
AccountId_1999,1
AccountId_2,1
AccountId_20,0
AccountId_200,1
AccountId_2001,1
AccountId_2002,0
AccountId_2003,0
AccountId_2004,0
AccountId_2005,1
AccountId_2006,0
AccountId_2007,0
AccountId_2008,1
AccountId_2009,1
AccountId_201,0
AccountId_2010,1
AccountId_2013,0
AccountId_2014,0
AccountId_2015,1
AccountId_2016,0
AccountId_2018,0
AccountId_2019,1
AccountId_202,0
AccountId_2021,0
AccountId_2022,0
AccountId_2023,0
AccountId_2024,0
AccountId_2025,1
AccountId_2026,0
AccountId_2027,0
AccountId_203,1
AccountId_2030,0
AccountId_2031,1
AccountId_2032,0
AccountId_2033,0
AccountId_2034,0
AccountId_2035,1
AccountId_2036,1
AccountId_2037,1
AccountId_2039,0
AccountId_204,0
AccountId_2040,0
AccountId_2041,1
AccountId_2042,0
AccountId_2043,0
AccountId_2044,1
AccountId_2045,1
AccountId_2049,1
AccountId_205,0
AccountId_2051,0
AccountId_2052,1
AccountId_2053,0
AccountId_2054,0
AccountId_2055,1
AccountId_2056,0
AccountId_2058,1
AccountId_2059,0
AccountId_206,0
AccountId_2060,1
AccountId_2061,1
AccountId_2064,1
AccountId_2065,0
AccountId_2066,1
AccountId_2067,0
AccountId_207,0
AccountId_2070,0
AccountId_2073,1
AccountId_2076,0
AccountId_2077,0
AccountId_2078,1
AccountId_208,0
AccountId_2080,0
AccountId_2083,0
AccountId_2084,0
AccountId_2085,0
AccountId_2086,0
AccountId_2087,1
AccountId_2088,0
AccountId_2089,0
AccountId_209,0
AccountId_2090,1
AccountId_2091,0
AccountId_2092,1
AccountId_2093,0
AccountId_2096,0
AccountId_2098,1
AccountId_2099,0
AccountId_21,1
AccountId_210,1
AccountId_2100,0
AccountId_2101,0
AccountId_2103,0
AccountId_2107,1
AccountId_2108,1
AccountId_2109,0
AccountId_211,0
AccountId_2110,0
AccountId_2114,0
AccountId_2115,0
AccountId_2117,1
AccountId_2118,1
AccountId_2120,1
AccountId_2121,0
AccountId_2122,1
AccountId_2123,0
AccountId_2124,0
AccountId_2125,1
AccountId_2126,0
AccountId_2127,0
AccountId_2129,1
AccountId_2130,1
AccountId_2131,0
AccountId_2132,0
AccountId_2133,1
AccountId_2134,0
AccountId_2136,0
AccountId_2138,1
AccountId_2139,0
AccountId_2140,0
AccountId_2141,0
AccountId_2143,1
AccountId_2144,0
AccountId_2145,0
AccountId_2147,1
AccountId_2149,1
AccountId_215,0
AccountId_2150,1
AccountId_2151,1
AccountId_2152,0
AccountId_2153,1
AccountId_2154,0
AccountId_2155,0
AccountId_2156,0
AccountId_2157,0
AccountId_2159,0
AccountId_216,1
AccountId_2160,0
AccountId_2163,1
AccountId_2164,1
AccountId_2165,0
AccountId_2166,0
AccountId_2168,0
AccountId_217,0
AccountId_2170,1
AccountId_2172,0
AccountId_2173,1
AccountId_2175,1
AccountId_2177,0
AccountId_218,0
AccountId_2180,0
AccountId_2181,1
AccountId_2182,1
AccountId_2184,1
AccountId_2185,0
AccountId_2187,0
AccountId_2188,1
AccountId_2189,1
AccountId_219,1
AccountId_2190,0
AccountId_2191,1
AccountId_2192,0
AccountId_2193,0
AccountId_2194,1
AccountId_2195,0
AccountId_2196,0
AccountId_2197,0
AccountId_2198,0
AccountId_22,1
AccountId_220,1
AccountId_2200,1
AccountId_2201,0
AccountId_2203,0
AccountId_2204,1
AccountId_2205,0
AccountId_2206,0
AccountId_2207,0
AccountId_2208,0
AccountId_2209,1
AccountId_221,1
AccountId_2210,0
AccountId_2212,1
AccountId_2214,1
AccountId_2215,1
AccountId_2216,1
AccountId_2217,0
AccountId_2218,1
AccountId_222,1
AccountId_2220,1
AccountId_2221,0
AccountId_2222,0
AccountId_2223,1
AccountId_2224,0
AccountId_2225,0
AccountId_2226,1
AccountId_2227,0
AccountId_2228,0
AccountId_2229,0
AccountId_223,1
AccountId_2230,0
AccountId_2231,0
AccountId_2232,0
AccountId_2233,1
AccountId_2235,0
AccountId_2236,0
AccountId_2237,0
AccountId_2239,0
AccountId_2240,1
AccountId_2241,0
AccountId_2242,1
AccountId_2243,0
AccountId_2244,0
AccountId_2247,0
AccountId_225,0
AccountId_2250,0
AccountId_2251,0
AccountId_2252,0
AccountId_2253,1
AccountId_2254,1
AccountId_2255,1
AccountId_2256,1
AccountId_2257,1
AccountId_2258,0
AccountId_2259,0
AccountId_226,0
AccountId_2260,0
AccountId_2261,0
AccountId_2262,0
AccountId_2263,0
AccountId_2264,0
AccountId_2265,0
AccountId_2266,0
AccountId_2268,0
AccountId_2269,1
AccountId_227,1
AccountId_2270,0
AccountId_2271,1
AccountId_2272,1
AccountId_2273,0
AccountId_2274,0
AccountId_2276,0
AccountId_2277,1
AccountId_2278,0
AccountId_2280,0
AccountId_2281,0
AccountId_2283,0
AccountId_2284,0
AccountId_2285,1
AccountId_2287,0
AccountId_2288,0
AccountId_2289,1
AccountId_2290,0
AccountId_2291,1
AccountId_2292,0
AccountId_2293,1
AccountId_2294,0
AccountId_2295,1
AccountId_2296,0
AccountId_2298,0
AccountId_2299,0
AccountId_2303,0
AccountId_2305,1
AccountId_2306,1
AccountId_2308,1
AccountId_2309,1
AccountId_231,0
AccountId_2310,1
AccountId_2313,0
AccountId_2314,0
AccountId_2316,1
AccountId_2317,1
AccountId_2318,1
AccountId_2319,0
AccountId_232,0
AccountId_2320,1
AccountId_2321,0
AccountId_2322,0
AccountId_2323,0
AccountId_2324,0
AccountId_2325,0
AccountId_2326,1
AccountId_2327,1
AccountId_2328,1
AccountId_2329,0
AccountId_233,0
AccountId_2331,1
AccountId_2332,0
AccountId_2333,1
AccountId_2334,0
AccountId_2335,0
AccountId_2336,1
AccountId_2338,1
AccountId_2339,1
AccountId_234,0
AccountId_2341,0
AccountId_2342,1
AccountId_2343,0
AccountId_2344,0
AccountId_2345,1
AccountId_2346,0
AccountId_2347,1
AccountId_2349,0
AccountId_235,1
AccountId_2352,1
AccountId_2354,1
AccountId_2356,0
AccountId_2357,0
AccountId_2358,0
AccountId_2359,0
AccountId_236,0
AccountId_2360,0
AccountId_2361,1
AccountId_2362,0
AccountId_2363,0
AccountId_2366,0
AccountId_2368,0
AccountId_2369,1
AccountId_2371,1
AccountId_2372,1
AccountId_2373,0
AccountId_2374,1
AccountId_2376,1
AccountId_2377,0
AccountId_2379,0
AccountId_238,0
AccountId_2380,0
AccountId_2382,1
AccountId_2383,0
AccountId_2384,0
AccountId_2385,1
AccountId_2386,0
AccountId_2387,1
AccountId_2388,0
AccountId_2389,0
AccountId_2390,0
AccountId_2392,1
AccountId_2393,1
AccountId_2394,0
AccountId_2395,0
AccountId_2396,1
AccountId_2397,1
AccountId_2398,0
AccountId_24,1
AccountId_240,0
AccountId_2401,0
AccountId_2402,0
AccountId_2404,0
AccountId_2406,0
AccountId_2408,0
AccountId_2409,1
AccountId_241,1
AccountId_2410,0
AccountId_2411,1
AccountId_2412,0
AccountId_2413,0
AccountId_2414,1
AccountId_2416,1
AccountId_2417,1
AccountId_2418,1
AccountId_2419,0
AccountId_242,0
AccountId_2420,0
AccountId_2421,0
AccountId_2423,0
AccountId_2424,0
AccountId_2425,1
AccountId_2426,0
AccountId_2428,0
AccountId_2429,0
AccountId_243,1
AccountId_2430,0
AccountId_2431,0
AccountId_2432,1
AccountId_2433,0
AccountId_2434,1
AccountId_2435,1
AccountId_2436,0
AccountId_2437,1
AccountId_2438,0
AccountId_2439,0
AccountId_2441,0
AccountId_2442,0
AccountId_2443,0
AccountId_2444,1
AccountId_2446,0
AccountId_2448,0
AccountId_2449,1
AccountId_245,0
AccountId_2450,0
AccountId_2452,1
AccountId_2453,0
AccountId_2454,0
AccountId_2455,0
AccountId_2456,1
AccountId_2458,0
AccountId_2459,0
AccountId_246,0
AccountId_2460,0
AccountId_2461,0
AccountId_2462,0
AccountId_2463,0
AccountId_2464,1
AccountId_2465,0
AccountId_2467,0
AccountId_2468,0
AccountId_2469,0
AccountId_247,1
AccountId_2470,0
AccountId_2471,0
AccountId_2472,0
AccountId_2473,1
AccountId_2474,0
AccountId_2476,0
AccountId_2477,0
AccountId_2478,1
AccountId_2479,0
AccountId_248,0
AccountId_2480,0
AccountId_2481,1
AccountId_2483,1
AccountId_2485,1
AccountId_2486,1
AccountId_2487,0
AccountId_2489,0
AccountId_249,0
AccountId_2490,1
AccountId_2491,0
AccountId_2492,1
AccountId_2493,1
AccountId_2494,0
AccountId_2495,0
AccountId_2496,0
AccountId_2497,0
AccountId_2498,0
AccountId_2499,0
AccountId_25,0
AccountId_250,0
AccountId_2501,0
AccountId_2502,0
AccountId_2503,0
AccountId_2504,1
AccountId_2505,0
AccountId_2506,0
AccountId_2507,0
AccountId_2508,1
AccountId_2509,1
AccountId_251,0
AccountId_2510,0
AccountId_2511,1
AccountId_2512,1
AccountId_2514,0
AccountId_2515,1
AccountId_2516,0
AccountId_2517,1
AccountId_2518,0
AccountId_2519,0
AccountId_252,1
AccountId_2520,0
AccountId_2521,0
AccountId_2522,1
AccountId_2523,0
AccountId_2524,0
AccountId_2525,0
AccountId_2527,0
AccountId_2528,0
AccountId_2529,1
AccountId_2530,1
AccountId_2531,0
AccountId_2532,0
AccountId_2533,1
AccountId_2534,0
AccountId_2537,0
AccountId_2538,0
AccountId_2539,0
AccountId_2540,1
AccountId_2541,0
AccountId_2543,0
AccountId_2545,0
AccountId_2546,0
AccountId_2547,0
AccountId_2549,1
AccountId_255,1
AccountId_2550,0
AccountId_2551,0
AccountId_2552,0
AccountId_2553,0
AccountId_2554,0
AccountId_2555,1
AccountId_2556,0
AccountId_2557,1
AccountId_2558,0
AccountId_256,0
AccountId_2560,0
AccountId_2562,1
AccountId_2563,0
AccountId_2564,0
AccountId_2565,0
AccountId_2566,1
AccountId_2567,1
AccountId_2568,0
AccountId_2569,0
AccountId_257,0
AccountId_2570,0
AccountId_2571,1
AccountId_2572,0
AccountId_2574,0
AccountId_2575,0
AccountId_2576,0
AccountId_2577,0
AccountId_2578,0
AccountId_2579,0
AccountId_258,0
AccountId_2580,1
AccountId_2583,0
AccountId_2584,1
AccountId_2585,0
AccountId_2586,0
AccountId_2587,0
AccountId_2588,1
AccountId_259,1
AccountId_2590,1
AccountId_2591,0
AccountId_2592,0
AccountId_2594,0
AccountId_2595,0
AccountId_2596,0
AccountId_2597,1
AccountId_2598,0
AccountId_2599,0
AccountId_260,1
AccountId_2602,1
AccountId_2604,0
AccountId_2608,1
AccountId_2609,0
AccountId_261,0
AccountId_2612,0
AccountId_2613,1
AccountId_2614,1
AccountId_2615,0
AccountId_2616,0
AccountId_2617,0
AccountId_2618,0
AccountId_2619,1
AccountId_262,1
AccountId_2620,0
AccountId_2622,1
AccountId_2623,0
AccountId_2624,1
AccountId_2625,1
AccountId_2626,0
AccountId_2627,1
AccountId_2628,0
AccountId_2629,1
AccountId_2630,0
AccountId_2631,1
AccountId_2632,1
AccountId_2633,0
AccountId_2634,1
AccountId_2635,0
AccountId_2636,0
AccountId_2639,0
AccountId_264,0
AccountId_2640,1
AccountId_2643,0
AccountId_2644,1
AccountId_2645,1
AccountId_2646,0
AccountId_2648,0
AccountId_2649,0
AccountId_2650,1
AccountId_2651,1
AccountId_2653,0
AccountId_2654,1
AccountId_2655,0
AccountId_2656,0
AccountId_2657,0
AccountId_2658,0
AccountId_2659,0
AccountId_266,0
AccountId_2660,0
AccountId_2662,0
AccountId_2664,1
AccountId_2665,0
AccountId_2666,0
AccountId_2668,1
AccountId_2669,0
AccountId_267,0
AccountId_2670,1
AccountId_2671,0
AccountId_2672,0
AccountId_2673,0
AccountId_2674,0
AccountId_2676,0
AccountId_2677,0
AccountId_2678,1
AccountId_268,0
AccountId_2682,0
AccountId_2683,0
AccountId_2684,0
AccountId_2685,0
AccountId_2687,1
AccountId_2689,0
AccountId_269,1
AccountId_2690,0
AccountId_2691,0
AccountId_2692,1
AccountId_2693,0
AccountId_2695,1
AccountId_2696,0
AccountId_2697,1
AccountId_2698,1
AccountId_27,0
AccountId_270,1
AccountId_2700,0
AccountId_2701,0
AccountId_2703,0
AccountId_2704,0
AccountId_2705,1
AccountId_2706,1
AccountId_2707,0
AccountId_2708,1
AccountId_2710,0
AccountId_2713,0
AccountId_2714,0
AccountId_2716,0
AccountId_2717,0
AccountId_2719,1
AccountId_272,1
AccountId_2720,1
AccountId_2722,0
AccountId_2724,1
AccountId_2726,0
AccountId_2727,1
AccountId_2728,0
AccountId_2729,0
AccountId_273,1
AccountId_2730,0
AccountId_2731,0
AccountId_2732,0
AccountId_2735,0
AccountId_2737,1
AccountId_2738,0
AccountId_2739,1
AccountId_274,1
AccountId_2741,0
AccountId_2742,0
AccountId_2743,0
AccountId_2744,0
AccountId_2745,1
AccountId_2746,0
AccountId_2747,1
AccountId_2748,1
AccountId_2749,1
AccountId_275,1
AccountId_2750,1
AccountId_2751,0
AccountId_2753,1
AccountId_2754,1
AccountId_2756,0
AccountId_2757,1
AccountId_2758,0
AccountId_2759,0
AccountId_276,1
AccountId_2760,0
AccountId_2762,0
AccountId_2763,0
AccountId_2766,0
AccountId_2767,1
AccountId_2768,0
AccountId_2769,0
AccountId_277,1
AccountId_2770,0
AccountId_2771,0
AccountId_2772,1
AccountId_2773,1
AccountId_2775,1
AccountId_2776,1
AccountId_2777,0
AccountId_2779,0
AccountId_278,1
AccountId_2780,1
AccountId_2781,0
AccountId_2782,1
AccountId_2783,0
AccountId_2784,0
AccountId_2785,1
AccountId_2787,0
AccountId_2788,0
AccountId_2789,1
AccountId_279,0
AccountId_2790,1
AccountId_2791,0
AccountId_2792,0
AccountId_2793,0
AccountId_2794,0
AccountId_2796,0
AccountId_2797,1
AccountId_2798,1
AccountId_2799,1
AccountId_280,0
AccountId_2800,0
AccountId_2801,0
AccountId_2802,0
AccountId_2803,0
AccountId_2804,0
AccountId_2805,0
AccountId_2807,0
AccountId_2808,0
AccountId_2809,1
AccountId_281,0
AccountId_2810,0
AccountId_2811,0
AccountId_2812,0
AccountId_2813,0
AccountId_2814,1
AccountId_2815,0
AccountId_2816,0
AccountId_2818,0
AccountId_2819,0
AccountId_2820,1
AccountId_2821,0
AccountId_2823,0
AccountId_2824,0
AccountId_2825,0
AccountId_2826,0
AccountId_2827,0
AccountId_2828,0
AccountId_2829,0
AccountId_283,0
AccountId_2830,0
AccountId_2831,1
AccountId_2832,1
AccountId_2833,0
AccountId_2834,1
AccountId_2835,0
AccountId_2836,1
AccountId_2837,1
AccountId_2838,0
AccountId_2839,1
AccountId_284,0
AccountId_2840,1
AccountId_2841,0
AccountId_2843,0
AccountId_2844,1
AccountId_2845,0
AccountId_2846,0
AccountId_2847,0
AccountId_2848,0
AccountId_2849,1
AccountId_285,1
AccountId_2850,0
AccountId_2851,0
AccountId_2852,1
AccountId_2853,1
AccountId_2854,0
AccountId_2856,0
AccountId_2857,1
AccountId_2858,1
AccountId_286,0
AccountId_2860,1
AccountId_2863,0
AccountId_2865,1
AccountId_2866,0
AccountId_2867,0
AccountId_2868,1
AccountId_2869,1
AccountId_287,1
AccountId_2870,0
AccountId_2871,1
AccountId_2872,1
AccountId_2873,1
AccountId_2874,0
AccountId_2875,0
AccountId_2876,0
AccountId_2877,0
AccountId_2879,1
AccountId_288,1
AccountId_2880,0
AccountId_2881,1
AccountId_2883,1
AccountId_2884,0
AccountId_2885,0
AccountId_2886,0
AccountId_2887,0
AccountId_2888,1
AccountId_2890,1
AccountId_2891,1
AccountId_2892,1
AccountId_2894,0
AccountId_2895,0
AccountId_2896,0
AccountId_2897,0
AccountId_2898,0
AccountId_2899,0
AccountId_29,0
AccountId_2902,0
AccountId_2903,1
AccountId_2904,0
AccountId_2905,0
AccountId_2906,0
AccountId_2907,1
AccountId_2908,1
AccountId_2909,1
AccountId_291,0
AccountId_2910,1
AccountId_2912,0
AccountId_2915,0
AccountId_2916,0
AccountId_2917,0
AccountId_2919,0
AccountId_292,1
AccountId_2920,0
AccountId_2921,0
AccountId_2922,0
AccountId_2923,0
AccountId_2925,1
AccountId_2927,0
AccountId_2928,0
AccountId_2929,0
AccountId_293,0
AccountId_2930,0
AccountId_2931,1
AccountId_2932,0
AccountId_2934,0
AccountId_2935,1
AccountId_2936,1
AccountId_2938,0
AccountId_2939,0
AccountId_294,1
AccountId_2940,0
AccountId_2941,0
AccountId_2946,0
AccountId_2948,1
AccountId_2949,0
AccountId_2950,1
AccountId_2951,1
AccountId_2952,1
AccountId_2953,1
AccountId_2954,0
AccountId_2955,0
AccountId_2956,1
AccountId_296,0
AccountId_2960,0
AccountId_2961,1
AccountId_2962,1
AccountId_2963,0
AccountId_2964,0
AccountId_2965,0
AccountId_2966,0
AccountId_2967,0
AccountId_297,1
AccountId_2972,0
AccountId_2973,1
AccountId_2974,0
AccountId_2975,1
AccountId_2976,0
AccountId_2977,0
AccountId_2978,0
AccountId_2979,1
AccountId_2980,0
AccountId_2982,1
AccountId_2983,1
AccountId_2985,1
AccountId_2987,1
AccountId_2988,1
AccountId_2989,1
AccountId_299,1
AccountId_2990,0
AccountId_2991,1
AccountId_2992,1
AccountId_2993,0
AccountId_2994,0
AccountId_2995,0
AccountId_2996,0
AccountId_2997,0
AccountId_2999,1
AccountId_3,0
AccountId_3000,1
AccountId_3001,1
AccountId_3002,0
AccountId_3003,1
AccountId_3005,0
AccountId_3006,0
AccountId_3007,1
AccountId_3008,1
AccountId_3009,1
AccountId_301,0
AccountId_3010,0
AccountId_3011,1
AccountId_3012,1
AccountId_3013,0
AccountId_3014,0
AccountId_3015,0
AccountId_3016,1
AccountId_3017,0
AccountId_3018,1
AccountId_3019,1
AccountId_302,1
AccountId_3020,0
AccountId_3022,0
AccountId_3023,1
AccountId_3024,0
AccountId_3026,0
AccountId_3027,0
AccountId_3028,0
AccountId_3029,0
AccountId_3031,1
AccountId_3032,1
AccountId_3033,1
AccountId_3034,0
AccountId_3035,0
AccountId_3036,1
AccountId_3037,0
AccountId_3038,0
AccountId_3039,0
AccountId_3040,1
AccountId_3041,0
AccountId_3042,1
AccountId_3044,0
AccountId_3045,0
AccountId_3047,1
AccountId_3048,0
AccountId_3049,0
AccountId_305,0
AccountId_3050,1
AccountId_3051,0
AccountId_3052,0
AccountId_3053,0
AccountId_3056,1
AccountId_3057,1
AccountId_3059,0
AccountId_3060,0
AccountId_3061,0
AccountId_3062,0
AccountId_3063,0
AccountId_3064,0
AccountId_3065,0
AccountId_3066,0
AccountId_3067,0
AccountId_3068,0
AccountId_3069,1
AccountId_307,0
AccountId_3070,0
AccountId_3071,1
AccountId_3072,0
AccountId_3074,1
AccountId_3075,1
AccountId_3077,0
AccountId_3078,0
AccountId_3079,0
AccountId_3080,0
AccountId_3081,1
AccountId_3082,1
AccountId_3083,0
AccountId_3084,0
AccountId_3085,0
AccountId_3086,1
AccountId_3087,0
AccountId_3089,0
AccountId_309,1
AccountId_3090,1
AccountId_3091,0
AccountId_3092,1
AccountId_3093,0
AccountId_3094,1
AccountId_3095,1
AccountId_3096,1
AccountId_3097,0
AccountId_3098,0
AccountId_3099,0
AccountId_31,1
AccountId_310,1
AccountId_3100,1
AccountId_3101,1
AccountId_3103,0
AccountId_3106,1
AccountId_3107,1
AccountId_3108,0
AccountId_3109,0
AccountId_311,0
AccountId_3110,1
AccountId_3113,0
AccountId_3114,0
AccountId_3115,1
AccountId_3116,0
AccountId_3118,1
AccountId_3120,0
AccountId_3121,0
AccountId_3122,0
AccountId_3123,0
AccountId_3124,0
AccountId_3127,1
AccountId_3129,0
AccountId_313,0
AccountId_3130,1
AccountId_3131,1
AccountId_3132,0
AccountId_3133,0
AccountId_3135,0
AccountId_3136,0
AccountId_3138,1
AccountId_314,0
AccountId_3140,0
AccountId_3141,0
AccountId_3143,0
AccountId_3144,1
AccountId_3145,0
AccountId_3146,1
AccountId_3147,1
AccountId_3148,1
AccountId_3149,1
AccountId_315,1
AccountId_3151,0
AccountId_3152,1
AccountId_3153,0
AccountId_3155,0
AccountId_3156,0
AccountId_3157,1
AccountId_316,0
AccountId_3163,1
AccountId_3164,0
AccountId_3166,0
AccountId_3167,1
AccountId_3169,0
AccountId_317,0
AccountId_3171,0
AccountId_3172,0
AccountId_3173,0
AccountId_3174,0
AccountId_3175,0
AccountId_3178,0
AccountId_318,0
AccountId_3180,1
AccountId_3181,1
AccountId_3182,0
AccountId_3183,0
AccountId_3185,0
AccountId_3186,0
AccountId_3187,1
AccountId_3188,0
AccountId_3189,1
AccountId_319,0
AccountId_3193,0
AccountId_3194,0
AccountId_3195,0
AccountId_3196,0
AccountId_3197,0
AccountId_3198,0
AccountId_3199,1
AccountId_32,1
AccountId_3200,0
AccountId_3201,1
AccountId_3202,1
AccountId_3203,0
AccountId_3204,0
AccountId_3205,1
AccountId_3206,0
AccountId_3207,0
AccountId_3208,0
AccountId_3209,0
AccountId_321,0
AccountId_3210,0
AccountId_3211,1
AccountId_3213,0
AccountId_3214,0
AccountId_3215,0
AccountId_3217,0
AccountId_3218,1
AccountId_3219,1
AccountId_322,1
AccountId_3220,0
AccountId_3221,0
AccountId_3222,0
AccountId_3223,0
AccountId_3225,1
AccountId_3226,0
AccountId_3227,0
AccountId_3228,0
AccountId_323,0
AccountId_3230,1
AccountId_3231,1
AccountId_3232,1
AccountId_3235,0
AccountId_3236,0
AccountId_3237,1
AccountId_3238,0
AccountId_3239,0
AccountId_324,0
AccountId_3240,0
AccountId_3242,0
AccountId_3243,0
AccountId_3244,0
AccountId_3245,1
AccountId_325,1
AccountId_3250,0
AccountId_3252,0
AccountId_3253,1
AccountId_3254,1
AccountId_3255,0
AccountId_3256,0
AccountId_3257,0
AccountId_3258,1
AccountId_3259,0
AccountId_326,0
AccountId_3260,0
AccountId_3261,0
AccountId_3262,0
AccountId_3263,1
AccountId_3265,0
AccountId_3266,0
AccountId_3268,1
AccountId_3269,0
AccountId_327,0
AccountId_3270,0
AccountId_3272,1
AccountId_3273,0
AccountId_3274,0
AccountId_3277,0
AccountId_3278,0
AccountId_3279,1
AccountId_3282,0
AccountId_3283,0
AccountId_3285,0
AccountId_3286,0
AccountId_3287,0
AccountId_3288,0
AccountId_329,0
AccountId_3290,0
AccountId_3291,0
AccountId_3292,0
AccountId_3293,1
AccountId_3294,0
AccountId_3295,1
AccountId_3296,1
AccountId_3297,1
AccountId_3299,0
AccountId_33,0
AccountId_330,0
AccountId_3300,0
AccountId_3302,0
AccountId_3303,1
AccountId_3304,0
AccountId_3305,1
AccountId_3306,0
AccountId_3307,0
AccountId_3308,1
AccountId_3309,1
AccountId_331,0
AccountId_3311,1
AccountId_3312,1
AccountId_3313,1
AccountId_3315,0
AccountId_3316,0
AccountId_3319,0
AccountId_332,1
AccountId_3325,1
AccountId_3327,0
AccountId_3328,0
AccountId_3329,0
AccountId_3331,0
AccountId_3332,1
AccountId_3333,1
AccountId_3334,0
AccountId_3335,0
AccountId_3336,0
AccountId_3337,0
AccountId_334,0
AccountId_3340,0
AccountId_3343,0
AccountId_3345,0
AccountId_3346,0
AccountId_3347,0
AccountId_3348,0
AccountId_3349,0
AccountId_335,0
AccountId_3350,0
AccountId_3352,0
AccountId_3353,0
AccountId_3354,0
AccountId_3355,0
AccountId_3357,0
AccountId_336,1
AccountId_3360,1
AccountId_3361,0
AccountId_3362,0
AccountId_3363,1
AccountId_3364,0
AccountId_3366,0
AccountId_3369,0
AccountId_337,0
AccountId_3370,0
AccountId_3372,1
AccountId_3373,0
AccountId_3374,0
AccountId_3375,0
AccountId_3376,0
AccountId_3377,0
AccountId_3378,0
AccountId_3379,0
AccountId_338,1
AccountId_3381,0
AccountId_3382,1
AccountId_3383,0
AccountId_3384,0
AccountId_3385,0
AccountId_3386,0
AccountId_3390,1
AccountId_3391,0
AccountId_3392,0
AccountId_3393,0
AccountId_3394,0
AccountId_3395,1
AccountId_3396,1
AccountId_3397,1
AccountId_34,0
AccountId_340,0
AccountId_3400,0
AccountId_3401,0
AccountId_3402,1
AccountId_3404,1
AccountId_3405,0
AccountId_3406,0
AccountId_3407,0
AccountId_3408,0
AccountId_3409,0
AccountId_3410,0
AccountId_3411,0
AccountId_3412,0
AccountId_3413,1
AccountId_3414,0
AccountId_3416,0
AccountId_342,1
AccountId_3421,0
AccountId_3422,0
AccountId_3423,1
AccountId_3424,1
AccountId_3425,1
AccountId_3427,0
AccountId_3428,1
AccountId_3429,0
AccountId_343,1
AccountId_3431,0
AccountId_3432,0
AccountId_3433,0
AccountId_3434,0
AccountId_3435,0
AccountId_3436,1
AccountId_3437,0
AccountId_3438,0
AccountId_3439,0
AccountId_3440,0
AccountId_3441,0
AccountId_3442,0
AccountId_3443,0
AccountId_3444,0
AccountId_3445,1
AccountId_3447,0
AccountId_3448,1
AccountId_3450,0
AccountId_3453,0
AccountId_3455,0
AccountId_3456,1
AccountId_3457,0
AccountId_3458,1
AccountId_3459,0
AccountId_3462,0
AccountId_3463,1
AccountId_3465,0
AccountId_3469,1
AccountId_347,0
AccountId_3470,1
AccountId_3471,0
AccountId_3472,1
AccountId_3473,0
AccountId_3474,0
AccountId_3475,1
AccountId_3476,0
AccountId_3477,0
AccountId_3478,0
AccountId_3480,1
AccountId_3481,0
AccountId_3483,0
AccountId_3487,1
AccountId_3488,0
AccountId_349,1
AccountId_3493,1
AccountId_3494,0
AccountId_3496,0
AccountId_3497,1
AccountId_3498,0
AccountId_35,1
AccountId_350,0
AccountId_3503,1
AccountId_3504,1
AccountId_3505,1
AccountId_3506,1
AccountId_3507,0
AccountId_3509,0
AccountId_351,0
AccountId_3510,1
AccountId_3511,1
AccountId_3512,1
AccountId_3514,0
AccountId_3515,0
AccountId_3516,1
AccountId_3517,1
AccountId_3518,0
AccountId_3519,0
AccountId_352,0
AccountId_3520,0
AccountId_3523,1
AccountId_3524,0
AccountId_3527,0
AccountId_353,0
AccountId_3530,1
AccountId_3531,1
AccountId_3532,0
AccountId_3533,0
AccountId_3534,0
AccountId_3536,0
AccountId_3538,1
AccountId_354,1
AccountId_3540,0
AccountId_3545,0
AccountId_3547,0
AccountId_3548,0
AccountId_3550,0
AccountId_3551,0
AccountId_3552,0
AccountId_3553,1
AccountId_3555,0
AccountId_3556,1
AccountId_3557,1
AccountId_3560,1
AccountId_3562,0
AccountId_3563,1
AccountId_3564,0
AccountId_3565,0
AccountId_3567,1
AccountId_3568,1
AccountId_3569,0
AccountId_357,0
AccountId_3570,1
AccountId_3571,1
AccountId_3573,0
AccountId_3574,1
AccountId_3575,1
AccountId_3576,0
AccountId_3577,1
AccountId_3578,0
AccountId_3579,1
AccountId_3581,0
AccountId_3582,0
AccountId_3584,0
AccountId_3585,1
AccountId_3588,0
AccountId_3589,1
AccountId_359,0
AccountId_3591,0
AccountId_3592,1
AccountId_3593,0
AccountId_3595,0
AccountId_3596,1
AccountId_3597,0
AccountId_3598,0
AccountId_36,0
AccountId_360,0
AccountId_3600,0
AccountId_3601,0
AccountId_3602,1
AccountId_3603,1
AccountId_3604,1
AccountId_3605,0
AccountId_3606,0
AccountId_3607,1
AccountId_3608,0
AccountId_361,0
AccountId_3610,0
AccountId_3611,1
AccountId_3612,1
AccountId_3613,0
AccountId_3615,1
AccountId_3617,0
AccountId_3618,0
AccountId_362,0
AccountId_3620,0
AccountId_3621,0
AccountId_3623,0
AccountId_3625,1
AccountId_3626,0
AccountId_3627,1
AccountId_3628,0
AccountId_3629,1
AccountId_363,1
AccountId_3630,1
AccountId_3631,1
AccountId_3632,0
AccountId_3633,0
AccountId_3634,0
AccountId_3635,1
AccountId_3636,1
AccountId_3638,0
AccountId_364,1
AccountId_3640,1
AccountId_3645,1
AccountId_3646,0
AccountId_3647,1
AccountId_3649,0
AccountId_365,1
AccountId_3650,0
AccountId_3652,0
AccountId_3655,1
AccountId_3657,1
AccountId_3658,1
AccountId_366,1
AccountId_3660,0
AccountId_3661,1
AccountId_3662,1
AccountId_3663,0
AccountId_3665,0
AccountId_3666,1
AccountId_3667,1
AccountId_3668,0
AccountId_367,1
AccountId_3671,1
AccountId_3672,0
AccountId_3674,1
AccountId_3676,0
AccountId_3677,1
AccountId_3678,1
AccountId_3679,0
AccountId_368,0
AccountId_3682,1
AccountId_3683,0
AccountId_3684,0
AccountId_3685,1
AccountId_3686,1
AccountId_3688,0
AccountId_3689,0
AccountId_369,0
AccountId_3690,0
AccountId_3691,1
AccountId_3692,1
AccountId_3693,1
AccountId_3694,0
AccountId_3695,0
AccountId_3696,1
AccountId_3697,0
AccountId_3699,0
AccountId_370,0
AccountId_3700,0
AccountId_3701,1
AccountId_3702,0
AccountId_3703,0
AccountId_3704,0
AccountId_3706,1
AccountId_3707,1
AccountId_3708,0
AccountId_3709,0
AccountId_371,1
AccountId_3710,0
AccountId_3711,0
AccountId_3712,0
AccountId_3713,1
AccountId_3714,0
AccountId_3715,0
AccountId_3716,1
AccountId_3717,0
AccountId_3718,0
AccountId_3719,0
AccountId_372,0
AccountId_3721,1
AccountId_3722,0
AccountId_3723,0
AccountId_3724,1
AccountId_3725,0
AccountId_3726,0
AccountId_3727,1
AccountId_3728,1
AccountId_373,1
AccountId_3730,0
AccountId_3731,0
AccountId_3732,0
AccountId_3733,1
AccountId_3734,0
AccountId_3736,0
AccountId_3737,1
AccountId_3738,0
AccountId_3739,0
AccountId_374,1
AccountId_3740,0
AccountId_3741,1
AccountId_3742,0
AccountId_3743,0
AccountId_3744,0
AccountId_3745,0
AccountId_3746,0
AccountId_3747,1
AccountId_3748,0
AccountId_3749,0
AccountId_375,0
AccountId_3750,0
AccountId_3751,1
AccountId_3753,1
AccountId_3754,0
AccountId_3755,0
AccountId_3756,1
AccountId_3757,1
AccountId_3758,0
AccountId_3759,0
AccountId_376,0
AccountId_3760,0
AccountId_3761,0
AccountId_3762,0
AccountId_3763,0
AccountId_3764,1
AccountId_3766,1
AccountId_3768,1
AccountId_3769,1
AccountId_377,0
AccountId_3770,0
AccountId_3771,1
AccountId_3772,1
AccountId_3773,0
AccountId_3775,0
AccountId_3776,0
AccountId_3777,1
AccountId_3778,0
AccountId_378,0
AccountId_3781,0
AccountId_3782,1
AccountId_3783,1
AccountId_3784,1
AccountId_3785,0
AccountId_3786,0
AccountId_3787,1
AccountId_379,1
AccountId_3790,0
AccountId_3791,0
AccountId_3792,1
AccountId_3794,0
AccountId_3795,0
AccountId_3796,0
AccountId_3797,0
AccountId_3798,1
AccountId_3799,1
AccountId_380,1
AccountId_3800,0
AccountId_3801,0
AccountId_3802,0
AccountId_3803,1
AccountId_3804,0
AccountId_3807,1
AccountId_3809,0
AccountId_381,0
AccountId_3810,0
AccountId_3811,0
AccountId_3812,0
AccountId_3813,0
AccountId_3814,1
AccountId_3815,1
AccountId_3817,0
AccountId_3818,0
AccountId_3819,0
AccountId_382,0
AccountId_3822,0
AccountId_3823,0
AccountId_3824,1
AccountId_3827,1
AccountId_3829,1
AccountId_383,0
AccountId_3830,0
AccountId_3831,0
AccountId_3832,1
AccountId_3833,1
AccountId_3834,0
AccountId_3836,0
AccountId_3837,0
AccountId_3838,0
AccountId_3839,0
AccountId_384,0
AccountId_3840,0
AccountId_3844,1
AccountId_3845,1
AccountId_3846,0
AccountId_3847,0
AccountId_3848,0
AccountId_385,1
AccountId_3850,0
AccountId_3852,0
AccountId_3853,0
AccountId_3854,1
AccountId_3855,0
AccountId_3856,1
AccountId_3857,1
AccountId_3859,1
AccountId_386,1
AccountId_3860,0
AccountId_3862,0
AccountId_3863,0
AccountId_3864,1
AccountId_3865,0
AccountId_3866,0
AccountId_3867,1
AccountId_3868,0
AccountId_3869,0
AccountId_387,0
AccountId_3871,1
AccountId_3872,0
AccountId_3873,0
AccountId_3875,0
AccountId_3876,0
AccountId_3877,0
AccountId_3878,0
AccountId_3879,1
AccountId_388,0
AccountId_3880,0
AccountId_3881,0
AccountId_3882,0
AccountId_3883,0
AccountId_3884,0
AccountId_3886,1
AccountId_3887,0
AccountId_3888,0
AccountId_3889,0
AccountId_3890,1
AccountId_3891,0
AccountId_3892,0
AccountId_3894,0
AccountId_3895,1
AccountId_3896,1
AccountId_3897,1
AccountId_3898,1
AccountId_39,1
AccountId_390,0
AccountId_3900,0
AccountId_3901,0
AccountId_3902,0
AccountId_3903,1
AccountId_3905,1
AccountId_3907,0
AccountId_3909,0
AccountId_3910,0
AccountId_3911,0
AccountId_3912,1
AccountId_3914,0
AccountId_3915,1
AccountId_3916,1
AccountId_3917,0
AccountId_3918,1
AccountId_3919,0
AccountId_3921,0
AccountId_3922,1
AccountId_3923,0
AccountId_3924,0
AccountId_3925,0
AccountId_3926,0
AccountId_3927,0
AccountId_3929,1
AccountId_393,1
AccountId_3930,0
AccountId_3931,1
AccountId_3932,0
AccountId_3933,0
AccountId_3934,0
AccountId_3935,1
AccountId_3936,0
AccountId_3937,0
AccountId_3938,1
AccountId_3939,0
AccountId_3940,0
AccountId_3941,0
AccountId_3942,0
AccountId_3943,1
AccountId_3944,0
AccountId_3945,0
AccountId_3946,1
AccountId_3947,0
AccountId_3948,0
AccountId_3949,0
AccountId_3950,0
AccountId_3952,0
AccountId_3953,1
AccountId_3954,0
AccountId_3957,0
AccountId_3959,0
AccountId_3960,1
AccountId_3962,1
AccountId_3963,1
AccountId_3964,0
AccountId_3965,1
AccountId_3966,0
AccountId_3967,1
AccountId_3968,1
AccountId_397,0
AccountId_3970,0
AccountId_3971,0
AccountId_3972,1
AccountId_3973,0
AccountId_3974,0
AccountId_3975,1
AccountId_3976,0
AccountId_3977,1
AccountId_3978,0
AccountId_3979,0
AccountId_398,0
AccountId_3980,0
AccountId_3981,0
AccountId_3983,0
AccountId_3984,1
AccountId_3985,0
AccountId_3986,1
AccountId_3987,0
AccountId_3988,0
AccountId_399,1
AccountId_3990,1
AccountId_3992,0
AccountId_3993,0
AccountId_3994,1
AccountId_3995,0
AccountId_3996,1
AccountId_3997,0
AccountId_3999,1
AccountId_4,0
AccountId_40,0
AccountId_400,0
AccountId_4000,0
AccountId_4001,1
AccountId_4003,1
AccountId_4004,0
AccountId_4005,0
AccountId_4006,0
AccountId_4007,1
AccountId_4008,0
AccountId_4009,1
AccountId_401,0
AccountId_4011,0
AccountId_4012,0
AccountId_4015,1
AccountId_4016,1
AccountId_4018,1
AccountId_4019,0
AccountId_4021,0
AccountId_4022,0
AccountId_4023,0
AccountId_4026,0
AccountId_4027,0
AccountId_403,1
AccountId_4031,1
AccountId_4032,1
AccountId_4033,1
AccountId_4034,0
AccountId_4035,0
AccountId_4036,0
AccountId_4037,0
AccountId_4038,0
AccountId_4039,1
AccountId_404,1
AccountId_4040,0
AccountId_4042,0
AccountId_4043,1
AccountId_4044,1
AccountId_4045,0
AccountId_4047,1
AccountId_4048,0
AccountId_4049,0
AccountId_405,0
AccountId_4050,0
AccountId_4051,0
AccountId_4052,1
AccountId_4054,1
AccountId_4055,0
AccountId_4057,1
AccountId_406,0
AccountId_4060,0
AccountId_4062,0
AccountId_4063,0
AccountId_4067,1
AccountId_4068,0
AccountId_4069,1
AccountId_4070,0
AccountId_4074,0
AccountId_4075,0
AccountId_4076,0
AccountId_4077,0
AccountId_4078,0
AccountId_4081,1
AccountId_4082,1
AccountId_4083,0
AccountId_4084,1
AccountId_4087,1
AccountId_4088,1
AccountId_4089,0
AccountId_409,0
AccountId_4090,0
AccountId_4091,0
AccountId_4092,0
AccountId_4093,0
AccountId_4094,1
AccountId_4095,0
AccountId_4096,1
AccountId_4097,0
AccountId_4098,0
AccountId_4099,0
AccountId_41,1
AccountId_410,1
AccountId_4100,0
AccountId_4102,1
AccountId_4103,1
AccountId_4104,0
AccountId_4106,0
AccountId_4109,0
AccountId_411,1
AccountId_4110,0
AccountId_4111,0
AccountId_4113,0
AccountId_4115,1
AccountId_4116,0
AccountId_4117,0
AccountId_4120,1
AccountId_4121,1
AccountId_4124,1
AccountId_4125,0
AccountId_4126,0
AccountId_4127,0
AccountId_4129,1
AccountId_413,1
AccountId_4131,0
AccountId_4132,1
AccountId_4133,0
AccountId_4135,0
AccountId_4136,0
AccountId_4137,0
AccountId_4138,0
AccountId_4139,1
AccountId_4140,1
AccountId_4141,1
AccountId_4143,1
AccountId_4144,0
AccountId_4146,1
AccountId_4148,0
AccountId_4149,0
AccountId_4150,0
AccountId_4151,1
AccountId_4152,0
AccountId_4153,0
AccountId_4156,1
AccountId_4157,1
AccountId_4158,1
AccountId_4159,1
AccountId_416,0
AccountId_4160,1
AccountId_4161,1
AccountId_4163,0
AccountId_4164,0
AccountId_4165,0
AccountId_4167,0
AccountId_4168,0
AccountId_417,0
AccountId_4170,1
AccountId_4171,1
AccountId_4172,0
AccountId_4173,0
AccountId_4174,0
AccountId_4175,0
AccountId_4177,0
AccountId_4178,1
AccountId_4180,1
AccountId_4181,0
AccountId_4182,0
AccountId_4184,0
AccountId_4185,0
AccountId_4187,1
AccountId_4188,1
AccountId_4189,0
AccountId_419,1
AccountId_4190,0
AccountId_4193,0
AccountId_4195,0
AccountId_4196,1
AccountId_4197,1
AccountId_4198,1
AccountId_4199,0
AccountId_420,1
AccountId_4200,1
AccountId_4201,0
AccountId_4202,0
AccountId_4203,0
AccountId_4205,1
AccountId_4206,1
AccountId_4207,0
AccountId_4208,0
AccountId_4210,0
AccountId_4211,0
AccountId_4212,1
AccountId_4213,0
AccountId_4214,0
AccountId_4216,0
AccountId_4217,1
AccountId_4218,0
AccountId_4219,0
AccountId_4220,1
AccountId_4221,1
AccountId_4224,1
AccountId_4225,1
AccountId_4226,1
AccountId_4228,0
AccountId_4229,1
AccountId_4230,1
AccountId_4231,0
AccountId_4232,1
AccountId_4233,0
AccountId_4234,1
AccountId_4235,0
AccountId_4237,1
AccountId_4239,0
AccountId_424,1
AccountId_4240,0
AccountId_4243,0
AccountId_4244,1
AccountId_4247,0
AccountId_4248,0
AccountId_4249,0
AccountId_425,0
AccountId_4250,1
AccountId_4251,0
AccountId_4253,1
AccountId_4255,0
AccountId_4256,1
AccountId_4257,0
AccountId_4258,0
AccountId_4259,0
AccountId_426,1
AccountId_4260,0
AccountId_4261,1
AccountId_4262,1
AccountId_4263,0
AccountId_4264,0
AccountId_4266,0
AccountId_4268,1
AccountId_4269,0
AccountId_427,1
AccountId_4270,0
AccountId_4272,0
AccountId_4273,0
AccountId_4275,0
AccountId_4277,1
AccountId_4279,1
AccountId_428,1
AccountId_4282,0
AccountId_4283,0
AccountId_4285,1
AccountId_4286,0
AccountId_4287,1
AccountId_4289,1
AccountId_4291,1
AccountId_4293,0
AccountId_4294,0
AccountId_4295,1
AccountId_4298,0
AccountId_4299,1
AccountId_43,1
AccountId_430,0
AccountId_4300,1
AccountId_4301,1
AccountId_4302,0
AccountId_4304,0
AccountId_4308,1
AccountId_431,0
AccountId_4311,0
AccountId_4313,1
AccountId_4314,1
AccountId_4315,1
AccountId_4316,1
AccountId_4317,1
AccountId_4318,0
AccountId_4319,0
AccountId_432,0
AccountId_4320,1
AccountId_4321,1
AccountId_4323,0
AccountId_4325,1
AccountId_4326,0
AccountId_4328,0
AccountId_4329,0
AccountId_4330,0
AccountId_4331,0
AccountId_4332,1
AccountId_4333,1
AccountId_4334,1
AccountId_4335,0
AccountId_4336,1
AccountId_4338,1
AccountId_4340,1
AccountId_4343,0
AccountId_4345,0
AccountId_4346,1
AccountId_4348,0
AccountId_4349,0
AccountId_435,0
AccountId_4351,1
AccountId_4352,0
AccountId_4355,0
AccountId_4356,0
AccountId_4357,0
AccountId_4358,1
AccountId_4359,0
AccountId_4360,0
AccountId_4361,1
AccountId_4365,0
AccountId_4366,1
AccountId_4367,0
AccountId_4368,0
AccountId_4369,0
AccountId_437,0
AccountId_4370,0
AccountId_4371,0
AccountId_4373,0
AccountId_4374,1
AccountId_4375,0
AccountId_4376,0
AccountId_4377,0
AccountId_4378,1
AccountId_4379,1
AccountId_438,1
AccountId_4380,0
AccountId_4381,0
AccountId_4382,0
AccountId_4383,0
AccountId_4384,0
AccountId_4386,0
AccountId_4388,1
AccountId_4389,0
AccountId_4390,0
AccountId_4391,1
AccountId_4394,1
AccountId_4397,0
AccountId_4398,1
AccountId_4399,1
AccountId_440,0
AccountId_4400,0
AccountId_4401,1
AccountId_4402,1
AccountId_4404,0
AccountId_4406,0
AccountId_4407,1
AccountId_4408,1
AccountId_4409,0
AccountId_441,0
AccountId_4410,0
AccountId_4411,0
AccountId_4413,0
AccountId_4415,1
AccountId_4416,0
AccountId_4418,1
AccountId_4419,0
AccountId_4420,0
AccountId_4421,0
AccountId_4422,0
AccountId_4423,1
AccountId_4425,0
AccountId_4427,1
AccountId_4429,1
AccountId_443,0
AccountId_4430,0
AccountId_4431,0
AccountId_4433,0
AccountId_4434,0
AccountId_4435,0
AccountId_4436,1
AccountId_4437,1
AccountId_4438,0
AccountId_444,0
AccountId_4440,0
AccountId_4441,1
AccountId_4442,0
AccountId_4443,0
AccountId_4444,1
AccountId_4445,1
AccountId_4447,1
AccountId_4449,0
AccountId_445,0
AccountId_4452,0
AccountId_4453,0
AccountId_4454,1
AccountId_4456,0
AccountId_4458,0
AccountId_446,0
AccountId_4460,0
AccountId_4461,1
AccountId_4462,1
AccountId_4463,1
AccountId_4464,0
AccountId_4465,0
AccountId_4466,0
AccountId_4467,0
AccountId_4468,0
AccountId_4469,0
AccountId_4471,0
AccountId_4472,0
AccountId_4473,0
AccountId_4474,0
AccountId_4475,0
AccountId_4477,0
AccountId_4478,1
AccountId_4479,1
AccountId_448,1
AccountId_4480,0
AccountId_4481,0
AccountId_4482,0
AccountId_4483,0
AccountId_4484,0
AccountId_4485,0
AccountId_4486,0
AccountId_4487,1
AccountId_4488,1
AccountId_449,1
AccountId_4490,0
AccountId_4492,1
AccountId_4493,0
AccountId_4494,0
AccountId_4495,0
AccountId_4496,1
AccountId_4497,0
AccountId_4498,0
AccountId_45,1
AccountId_450,0
AccountId_4500,0
AccountId_4502,1
AccountId_4504,1
AccountId_4505,0
AccountId_4507,0
AccountId_4508,0
AccountId_4509,1
AccountId_451,1
AccountId_4510,0
AccountId_4511,1
AccountId_4512,0
AccountId_4515,1
AccountId_4516,1
AccountId_4517,0
AccountId_4518,0
AccountId_4519,0
AccountId_4521,1
AccountId_4522,0
AccountId_4523,0
AccountId_4525,0
AccountId_4526,0
AccountId_4528,0
AccountId_4529,0
AccountId_4532,1
AccountId_4533,0
AccountId_4536,0
AccountId_4537,0
AccountId_4538,0
AccountId_4539,1
AccountId_454,0
AccountId_4540,0
AccountId_4541,1
AccountId_4542,0
AccountId_4543,0
AccountId_4545,0
AccountId_4546,0
AccountId_4547,0
AccountId_4548,0
AccountId_4549,0
AccountId_455,0
AccountId_4550,0
AccountId_4551,0
AccountId_4552,0
AccountId_4553,0
AccountId_4555,0
AccountId_4556,0
AccountId_4557,1
AccountId_4558,0
AccountId_456,0
AccountId_4560,1
AccountId_4562,0
AccountId_4563,0
AccountId_4564,1
AccountId_4565,0
AccountId_4566,1
AccountId_4567,0
AccountId_4568,0
AccountId_4569,0
AccountId_457,1
AccountId_4570,1
AccountId_4571,0
AccountId_4572,0
AccountId_4573,0
AccountId_4575,1
AccountId_4576,0
AccountId_4577,1
AccountId_4578,0
AccountId_4579,0
AccountId_4580,0
AccountId_4581,1
AccountId_4582,0
AccountId_4583,0
AccountId_4584,0
AccountId_4585,0
AccountId_4586,0
AccountId_4587,0
AccountId_4588,0
AccountId_459,0
AccountId_4590,0
AccountId_4592,0
AccountId_4593,0
AccountId_4595,1
AccountId_4596,0
AccountId_46,1
AccountId_460,0
AccountId_4600,0
AccountId_4601,0
AccountId_4602,1
AccountId_4603,1
AccountId_4607,0
AccountId_4608,1
AccountId_461,0
AccountId_4610,0
AccountId_4613,1
AccountId_4614,0
AccountId_4615,1
AccountId_4618,0
AccountId_4620,1
AccountId_4622,1
AccountId_4623,0
AccountId_4624,1
AccountId_4625,0
AccountId_4627,0
AccountId_4628,1
AccountId_463,0
AccountId_4630,0
AccountId_4632,0
AccountId_4633,0
AccountId_4634,1
AccountId_4636,0
AccountId_4637,1
AccountId_4638,0
AccountId_4639,0
AccountId_464,0
AccountId_4640,0
AccountId_4643,1
AccountId_4644,1
AccountId_4645,0
AccountId_4647,1
AccountId_4648,0
AccountId_465,0
AccountId_4650,0
AccountId_4651,0
AccountId_4652,0
AccountId_4653,0
AccountId_4654,1
AccountId_4655,1
AccountId_4656,0
AccountId_4658,1
AccountId_4659,1
AccountId_4660,0
AccountId_4661,0
AccountId_4662,1
AccountId_4663,1
AccountId_4664,1
AccountId_4665,1
AccountId_4666,0
AccountId_4669,1
AccountId_467,0
AccountId_4670,0
AccountId_4671,1
AccountId_4672,0
AccountId_4673,1
AccountId_4674,1
AccountId_4677,0
AccountId_4678,1
AccountId_4679,0
AccountId_468,0
AccountId_4680,0
AccountId_4681,0
AccountId_4682,0
AccountId_4684,0
AccountId_4686,1
AccountId_4687,0
AccountId_4688,0
AccountId_4689,0
AccountId_469,0
AccountId_4691,0
AccountId_4692,1
AccountId_4694,0
AccountId_4695,1
AccountId_4696,0
AccountId_4697,0
AccountId_4698,0
AccountId_4699,0
AccountId_470,0
AccountId_4700,0
AccountId_4701,0
AccountId_4702,1
AccountId_4703,0
AccountId_4704,0
AccountId_4705,0
AccountId_4706,0
AccountId_4707,0
AccountId_4708,1
AccountId_4709,0
AccountId_471,0
AccountId_4710,0
AccountId_4711,0
AccountId_4712,1
AccountId_4713,0
AccountId_4714,0
AccountId_4716,1
AccountId_4717,0
AccountId_4718,1
AccountId_4719,1
AccountId_472,0
AccountId_4722,0
AccountId_4726,1
AccountId_4728,0
AccountId_4729,1
AccountId_4730,1
AccountId_4731,0
AccountId_4732,1
AccountId_4733,0
AccountId_4734,0
AccountId_4735,0
AccountId_4737,1
AccountId_4738,0
AccountId_4739,0
AccountId_474,1
AccountId_4741,1
AccountId_4742,0
AccountId_4743,1
AccountId_4745,1
AccountId_4747,0
AccountId_4749,0
AccountId_4752,1
AccountId_4754,1
AccountId_4756,0
AccountId_4757,0
AccountId_4758,0
AccountId_476,0
AccountId_4760,0
AccountId_4762,1
AccountId_4763,0
AccountId_4764,1
AccountId_4767,0
AccountId_4768,0
AccountId_4769,1
AccountId_477,1
AccountId_4770,0
AccountId_4771,1
AccountId_4773,0
AccountId_4774,1
AccountId_4776,0
AccountId_4777,0
AccountId_4779,0
AccountId_478,0
AccountId_4780,0
AccountId_4782,1
AccountId_4784,1
AccountId_4785,0
AccountId_4786,1
AccountId_4787,0
AccountId_4788,1
AccountId_4789,0
AccountId_479,0
AccountId_4790,0
AccountId_4791,0
AccountId_4792,0
AccountId_4793,0
AccountId_4794,0
AccountId_4795,1
AccountId_4796,0
AccountId_4797,0
AccountId_4798,1
AccountId_4800,0
AccountId_4802,0
AccountId_4803,0
AccountId_4804,0
AccountId_4805,0
AccountId_4807,0
AccountId_4808,0
AccountId_4809,0
AccountId_481,0
AccountId_4811,1
AccountId_4812,0
AccountId_4813,1
AccountId_4814,1
AccountId_4815,1
AccountId_4816,0
AccountId_4817,0
AccountId_4818,0
AccountId_482,1
AccountId_4820,1
AccountId_4821,0
AccountId_4822,0
AccountId_4823,0
AccountId_4824,0
AccountId_4825,0
AccountId_4826,0
AccountId_4827,0
AccountId_4828,1
AccountId_4829,0
AccountId_483,0
AccountId_4830,1
AccountId_4831,1
AccountId_4832,1
AccountId_4833,1
AccountId_4834,0
AccountId_4835,0
AccountId_4836,1
AccountId_4837,1
AccountId_4838,1
AccountId_4840,0
AccountId_4841,0
AccountId_485,1
AccountId_49,0
AccountId_490,0
AccountId_491,0
AccountId_492,1
AccountId_493,1
AccountId_494,1
AccountId_495,1
AccountId_496,0
AccountId_497,1
AccountId_498,0
AccountId_5,0
AccountId_50,0
AccountId_500,1
AccountId_502,1
AccountId_505,1
AccountId_506,0
AccountId_507,0
AccountId_508,1
AccountId_509,1
AccountId_51,0
AccountId_510,0
AccountId_511,1
AccountId_512,0
AccountId_513,0
AccountId_514,1
AccountId_515,1
AccountId_518,0
AccountId_520,0
AccountId_521,0
AccountId_522,0
AccountId_523,0
AccountId_524,0
AccountId_525,0
AccountId_526,0
AccountId_527,1
AccountId_528,1
AccountId_529,1
AccountId_530,0
AccountId_532,0
AccountId_533,1
AccountId_535,1
AccountId_537,0
AccountId_538,0
AccountId_54,0
AccountId_542,1
AccountId_545,1
AccountId_546,1
AccountId_547,0
AccountId_548,1
AccountId_549,1
AccountId_55,0
AccountId_550,1
AccountId_551,0
AccountId_552,1
AccountId_553,0
AccountId_554,1
AccountId_556,1
AccountId_557,0
AccountId_558,0
AccountId_559,1
AccountId_560,1
AccountId_562,1
AccountId_563,1
AccountId_564,0
AccountId_566,1
AccountId_568,0
AccountId_569,1
AccountId_570,1
AccountId_571,0
AccountId_572,0
AccountId_574,0
AccountId_575,0
AccountId_576,0
AccountId_577,1
AccountId_578,1
AccountId_579,0
AccountId_581,1
AccountId_582,0
AccountId_583,0
AccountId_584,0
AccountId_585,0
AccountId_586,0
AccountId_587,0
AccountId_588,0
AccountId_589,0
AccountId_59,0
AccountId_590,1
AccountId_591,1
AccountId_592,1
AccountId_593,0
AccountId_594,0
AccountId_596,0
AccountId_598,0
AccountId_6,1
AccountId_60,0
AccountId_600,0
AccountId_602,0
AccountId_604,1
AccountId_605,0
AccountId_606,0
AccountId_607,1
AccountId_608,0
AccountId_609,0
AccountId_61,0
AccountId_610,1
AccountId_612,0
AccountId_614,0
AccountId_617,0
AccountId_618,1
AccountId_619,0
AccountId_62,1
AccountId_620,0
AccountId_621,1
AccountId_622,0
AccountId_623,1
AccountId_626,0
AccountId_627,1
AccountId_628,0
AccountId_63,1
AccountId_630,0
AccountId_633,0
AccountId_635,1
AccountId_636,1
AccountId_638,0
AccountId_639,1
AccountId_64,1
AccountId_640,0
AccountId_642,0
AccountId_646,0
AccountId_647,1
AccountId_648,0
AccountId_649,0
AccountId_650,0
AccountId_651,0
AccountId_652,0
AccountId_653,0
AccountId_654,0
AccountId_656,1
AccountId_658,0
AccountId_661,1
AccountId_662,0
AccountId_663,0
AccountId_664,1
AccountId_665,1
AccountId_666,1
AccountId_667,1
AccountId_668,1
AccountId_669,0
AccountId_670,1
AccountId_672,0
AccountId_674,1
AccountId_675,0
AccountId_678,0
AccountId_679,1
AccountId_68,0
AccountId_680,0
AccountId_683,0
AccountId_685,0
AccountId_686,0
AccountId_687,0
AccountId_688,0
AccountId_689,0
AccountId_69,1
AccountId_690,0
AccountId_691,1
AccountId_692,0
AccountId_694,1
AccountId_696,0
AccountId_697,0
AccountId_698,1
AccountId_7,1
AccountId_70,0
AccountId_701,1
AccountId_702,1
AccountId_705,1
AccountId_707,1
AccountId_709,0
AccountId_71,1
AccountId_710,1
AccountId_711,0
AccountId_712,1
AccountId_713,1
AccountId_714,1
AccountId_715,0
AccountId_716,0
AccountId_72,0
AccountId_720,0
AccountId_721,0
AccountId_724,1
AccountId_726,0
AccountId_727,0
AccountId_729,1
AccountId_730,0
AccountId_734,1
AccountId_735,1
AccountId_736,0
AccountId_737,0
AccountId_738,1
AccountId_739,0
AccountId_740,1
AccountId_741,1
AccountId_742,0
AccountId_743,0
AccountId_744,0
AccountId_746,0
AccountId_747,0
AccountId_748,0
AccountId_749,0
AccountId_75,0
AccountId_750,0
AccountId_751,0
AccountId_753,0
AccountId_754,0
AccountId_756,1
AccountId_757,0
AccountId_758,1
AccountId_759,0
AccountId_76,0
AccountId_760,0
AccountId_761,1
AccountId_763,0
AccountId_764,1
AccountId_766,1
AccountId_767,0
AccountId_768,1
AccountId_769,0
AccountId_77,1
AccountId_771,0
AccountId_772,1
AccountId_773,0
AccountId_774,0
AccountId_775,1
AccountId_776,0
AccountId_777,1
AccountId_778,1
AccountId_779,0
AccountId_780,0
AccountId_782,0
AccountId_784,1
AccountId_785,1
AccountId_786,0
AccountId_789,0
AccountId_79,0
AccountId_790,0
AccountId_792,1
AccountId_795,1
AccountId_796,0
AccountId_8,0
AccountId_80,1
AccountId_801,1
AccountId_802,1
AccountId_803,0
AccountId_806,1
AccountId_809,1
AccountId_81,0
AccountId_810,0
AccountId_812,0
AccountId_814,1
AccountId_815,0
AccountId_816,0
AccountId_817,0
AccountId_818,0
AccountId_819,0
AccountId_82,1
AccountId_820,1
AccountId_821,1
AccountId_825,0
AccountId_826,0
AccountId_827,1
AccountId_828,0
AccountId_829,1
AccountId_83,0
AccountId_830,0
AccountId_832,0
AccountId_834,0
AccountId_835,0
AccountId_837,0
AccountId_838,0
AccountId_839,1
AccountId_840,1
AccountId_841,1
AccountId_843,1
AccountId_844,0
AccountId_845,0
AccountId_846,0
AccountId_847,1
AccountId_848,1
AccountId_849,1
AccountId_85,0
AccountId_850,1
AccountId_851,1
AccountId_852,1
AccountId_853,1
AccountId_854,0
AccountId_855,0
AccountId_856,0
AccountId_857,1
AccountId_86,0
AccountId_860,1
AccountId_861,0
AccountId_862,1
AccountId_863,1
AccountId_864,1
AccountId_865,0
AccountId_866,1
AccountId_868,1
AccountId_869,0
AccountId_870,0
AccountId_871,0
AccountId_872,0
AccountId_873,0
AccountId_874,0
AccountId_875,0
AccountId_876,0
AccountId_877,1
AccountId_878,0
AccountId_879,0
AccountId_88,0
AccountId_880,0
AccountId_882,1
AccountId_883,0
AccountId_884,0
AccountId_885,1
AccountId_886,1
AccountId_887,1
AccountId_888,0
AccountId_889,0
AccountId_891,1
AccountId_892,0
AccountId_893,0
AccountId_895,1
AccountId_896,0
AccountId_897,0
AccountId_898,0
AccountId_9,1
AccountId_901,0
AccountId_903,0
AccountId_904,0
AccountId_907,0
AccountId_908,0
AccountId_909,0
AccountId_91,1
AccountId_910,1
AccountId_911,0
AccountId_913,0
AccountId_914,1
AccountId_916,0
AccountId_917,0
AccountId_918,0
AccountId_919,0
AccountId_92,0
AccountId_920,1
AccountId_921,0
AccountId_922,0
AccountId_923,1
AccountId_924,1
AccountId_925,1
AccountId_926,0
AccountId_927,0
AccountId_928,0
AccountId_930,1
AccountId_931,0
AccountId_932,0
AccountId_933,0
AccountId_934,1
AccountId_936,1
AccountId_937,0
AccountId_938,1
AccountId_939,0
AccountId_94,1
AccountId_945,0
AccountId_946,1
AccountId_947,1
AccountId_948,1
AccountId_949,0
AccountId_95,0
AccountId_950,0
AccountId_951,0
AccountId_952,0
AccountId_953,0
AccountId_954,0
AccountId_955,0
AccountId_957,1
AccountId_958,0
AccountId_959,0
AccountId_96,0
AccountId_961,0
AccountId_962,0
AccountId_963,0
AccountId_964,1
AccountId_967,0
AccountId_968,0
AccountId_969,1
AccountId_971,1
AccountId_972,1
AccountId_973,1
AccountId_974,0
AccountId_975,0
AccountId_976,1
AccountId_977,1
AccountId_979,0
AccountId_980,0
AccountId_981,0
AccountId_982,0
AccountId_983,1
AccountId_986,0
AccountId_989,1
AccountId_99,0
AccountId_990,1
AccountId_992,1
AccountId_994,1
AccountId_998,1
